mAb,Glycan_Class,Polysaccharide_Clade,Target_Epitope,Mean_Ground,Mean_Space,Fold_Change,log2FC,pvalue,log2FC_6d,pvalue_6d,log2FC_11d,pvalue_11d,Cohens_d,FDR
CCRC-M95,Xyloglucan (Non-Fucosylated),Hemicellulose,Xyloglucan backbone / Gal-Xyl-Glc oligomers,0.86875,0.9016666666666667,1.0378853273484108,0.05364705371045873,0.547426886523137,0.005602053561301085,0.9746112288069175,0.09888773099382249,0.2699613627962242,0.3597187649287431,0.9826317903891837
CCRC-M101,Xyloglucan (Non-Fucosylated),Hemicellulose,Xyloglucan backbone / Gal-Xyl-Glc oligomers,0.8563333333333333,0.8758333333333334,1.0227688475460244,0.032480123401115446,0.7103776205996362,-0.023693948817299196,0.8802553948401287,0.08322347685390892,0.2441531508236862,0.22095460258460659,0.9826317903891837
CCRC-M104,Xyloglucan (Non-Fucosylated),Hemicellulose,Xyloglucan backbone / Gal-Xyl-Glc oligomers,0.9425,0.9398333333333334,0.9971709456114295,-0.0040872469887141445,0.9634438626419686,-0.03353945474298948,0.8365309107155772,0.0226717020624415,0.7948210641473454,-0.027150336658015212,0.9826317903891837
CCRC-M89,Xyloglucan (Non-Fucosylated),Hemicellulose,Xyloglucan backbone / Gal-Xyl-Glc oligomers,0.8458333333333333,0.8405833333333333,0.993793837181811,-0.008981499562840384,0.9166372795813029,-0.06761815235553666,0.5220765508546108,0.04218707139640263,0.6064083734311129,-0.06236115808463535,0.9826317903891837
CCRC-M93,Xyloglucan (Non-Fucosylated),Hemicellulose,Xyloglucan backbone / Gal-Xyl-Glc oligomers,0.7939166666666666,0.8099166666666667,1.0201507105224492,0.028782302453388055,0.7773033425799567,-0.012992658426476877,0.9365170216888707,0.06459328519765098,0.30969560338586216,0.16833162592334666,0.9826317903891837
CCRC-M87,Xyloglucan (Non-Fucosylated),Hemicellulose,Xyloglucan backbone / Gal-Xyl-Glc oligomers,0.8549166666666667,0.8768333333333334,1.0256330285959339,0.03651462711639612,0.5989238188769959,0.02691397392645634,0.7410282202047678,0.04500937204082623,0.3724917091730888,0.31392103432340773,0.9826317903891837
CCRC-M88,Xyloglucan (Non-Fucosylated),Hemicellulose,Xyloglucan backbone / Gal-Xyl-Glc oligomers,0.8389999999999999,0.8615,1.0268144440471936,0.038175495346859864,0.6473641630672271,0.03954837008069213,0.701285958221161,0.036983368677457815,0.5891665341550689,0.2723095018380967,0.9826317903891837
CCRC-M100,Xyloglucan (Non-Fucosylated),Hemicellulose,Xyloglucan backbone / Gal-Xyl-Glc oligomers,0.6463333333333333,0.701,1.0845665961945032,0.11711864226765893,0.5197924928127806,-0.003230578612176752,0.9918482872562024,0.2126675399160783,0.21453227620634374,0.3853346868744196,0.9826317903891837
CCRC-M103,Xyloglucan (Non-Fucosylated),Hemicellulose,Xyloglucan backbone / Gal-Xyl-Glc oligomers,0.6174166666666667,0.6575000000000001,1.0649105287306686,0.0907322237103597,0.6037077004321888,-0.04180018774755252,0.887298864276457,0.19410012302526158,0.14511442446230577,0.3098572992570511,0.9826317903891837
CCRC-M58,Xyloglucan (Non-Fucosylated),Hemicellulose,Xyloglucan backbone / Gal-Xyl-Glc oligomers,0.8945833333333334,0.9078333333333332,1.0148097092080994,0.021209227588364122,0.819434948109225,-0.017640556735308923,0.9166236623554612,0.0555038083362824,0.3265010601715423,0.1353072909263361,0.9826317903891837
CCRC-M86,Xyloglucan (Non-Fucosylated),Hemicellulose,Xyloglucan backbone / Gal-Xyl-Glc oligomers,0.5124166666666666,0.5701666666666667,1.1126792624630095,0.1540377857259682,0.4284791256781161,0.04402956820768992,0.8703830989759678,0.23518231244776355,0.15667016101563827,0.4783381079126656,0.9826317903891837
CCRC-M55,Xyloglucan (Non-Fucosylated),Hemicellulose,Xyloglucan backbone / Gal-Xyl-Glc oligomers,0.6156666666666667,0.6519166666666667,1.0588697017268447,0.08252507069196732,0.7045989492746841,-0.062413893128675,0.8800124279521018,0.19009852070007757,0.15549760987982364,0.22559214306958336,0.9826317903891837
CCRC-M52,Xyloglucan (Non-Fucosylated),Hemicellulose,Xyloglucan backbone / Gal-Xyl-Glc oligomers,0.6854166666666667,0.6960833333333335,1.0155600398726023,0.02227553423371709,0.8886683425848033,-0.05690849969930248,0.8530821921970131,0.08697185726946126,0.3836442099833885,0.08292853216060246,0.9826317903891837
CCRC-M99,Xyloglucan (Non-Fucosylated),Hemicellulose,Xyloglucan backbone / Gal-Xyl-Glc oligomers,0.8257500000000001,0.82375,0.9975782527093296,-0.003498080251441376,0.9740890904656891,-0.02988967013820047,0.8779481982235326,0.020191034875166963,0.8654103040573089,-0.019229191456425928,0.9826317903891837
CCRC-M54,Xyloglucan (Non-Fucosylated),Hemicellulose,Xyloglucan backbone / Gal-Xyl-Glc oligomers,0.7016666666666667,0.7254999999999999,1.0339619056666507,0.04818303331414673,0.7930250739062287,-0.07839795465106397,0.8263462690955408,0.15063322329414244,0.2769978897639115,0.15565980968704912,0.9826317903891837
CCRC-M48,Xyloglucan (Non-Fucosylated),Hemicellulose,Xyloglucan backbone / Gal-Xyl-Glc oligomers,0.5480833333333334,0.6138333333333333,1.1199416253686418,0.16342353675971094,0.4989531352922021,0.005954177006558424,0.9891929999555762,0.27659976293295446,0.13183784794938916,0.40587924455119484,0.9826317903891837
CCRC-M49,Xyloglucan (Non-Fucosylated),Hemicellulose,Xyloglucan backbone / Gal-Xyl-Glc oligomers,0.14383333333333334,0.15274999999999997,1.0619499768411298,0.08671580958562045,0.7961841748039659,-0.11186187950488415,0.8849236437218637,0.22268784368638755,0.17826524557512918,0.15318515395573531,0.9826317903891837
CCRC-M96,Xyloglucan (Non-Fucosylated),Hemicellulose,Xyloglucan backbone / Gal-Xyl-Glc oligomers,0.3959166666666667,0.44599999999999995,1.1264677412566808,0.17180599959608076,0.6485233504197214,-0.11650418038142113,0.869052762640067,0.3389867428111121,0.30155008190307514,0.27148640121793544,0.9826317903891837
CCRC-M50,Xyloglucan (Non-Fucosylated),Hemicellulose,Xyloglucan backbone / Gal-Xyl-Glc oligomers,0.6681666666666666,0.6705,1.0034916201117319,0.005028569193080046,0.9760137063014687,-0.022887017327521342,0.9425744651594105,0.027619383300231712,0.8241297544408728,0.017798468854140787,0.9826317903891837
CCRC-M51,Xyloglucan (Non-Fucosylated),Hemicellulose,Xyloglucan backbone / Gal-Xyl-Glc oligomers,0.05625,0.10541666666666667,1.8725229222123632,0.904983379330057,0.289332850761369,-0.3566279270571707,0.7941770418694387,1.2509510678730107,0.11073956283600053,0.6527815671803219,0.9826317903891837
CCRC-M53,Xyloglucan (Non-Fucosylated),Hemicellulose,Xyloglucan backbone / Gal-Xyl-Glc oligomers,0.5764166666666668,0.6033333333333333,1.046688444971235,0.0658320766681608,0.7429705285274661,-0.0724748895912075,0.8458662470123488,0.17288493684600334,0.2925888472145129,0.1948208024071865,0.9826317903891837
CCRC-M57,Xyloglucan (Non-Fucosylated),Hemicellulose,Xyloglucan backbone / Gal-Xyl-Glc oligomers,0.045000000000000005,0.08524999999999999,1.8924611973392458,0.9202637197723569,0.2888978301587218,-0.22157107486343025,0.8661913698779531,1.2567067858617826,0.12323058735059966,0.6551007939156445,0.9826317903891837
CCRC-M102,Xyloglucan (Fucosylated),Hemicellulose,"Fucosylated xyloglucan / α-Fuc-(1,2)-β-Gal sidechain",0.7576666666666667,0.7925833333333333,1.046078388246162,0.06499096448797509,0.6242417347493949,-0.05673636574642223,0.7994222894798478,0.16628500421732392,0.0893858355727644,0.29185414181998887,0.9826317903891837
CCRC-M39,Xyloglucan (Non-Fucosylated),Hemicellulose,Xyloglucan backbone / Gal-Xyl-Glc oligomers,0.5319166666666667,0.543,1.0208326806804298,0.02974642103054993,0.8157504078582851,-0.07544634757672755,0.669706465522494,0.11506837026820137,0.14548733315883178,0.13860642796263475,0.9826317903891837
CCRC-M106,Xyloglucan (Fucosylated),Hemicellulose,"Fucosylated xyloglucan / α-Fuc-(1,2)-β-Gal sidechain",0.9245000000000001,0.9350833333333334,1.0114463912322444,0.016419856077142227,0.8602398193999525,-0.04043099241702619,0.8148371893113148,0.06817617238119665,0.44024965727477416,0.10476663008955157,0.9826317903891837
CCRC-M84,Xyloglucan (Fucosylated),Hemicellulose,"Fucosylated xyloglucan / α-Fuc-(1,2)-β-Gal sidechain",0.9238333333333335,0.9512499999999999,1.029673858142723,0.042187446389372066,0.6495709816120798,0.046559474341242864,0.7687828468939847,0.038380743614756054,0.44456366970837674,0.2705799441399972,0.9826317903891837
CCRC-M1,Xyloglucan (Fucosylated),Hemicellulose,"Fucosylated xyloglucan / α-Fuc-(1,2)-β-Gal sidechain",0.9403333333333334,0.9749166666666665,1.036773827668096,0.05210120438259735,0.5808753566911293,0.12515088151553833,0.45882362874742594,-0.014662393994599898,0.8884960914291149,0.3300520305538942,0.9826317903891837
CCRC-M111,Xylan / Arabinoxylan,Hemicellulose,"β-(1,4)-xylan backbone / (4-O-methyl)-glucuronoxylan",0.0013750000000000001,0.0036666666666666666,2.5536723163841804,1.35257341233219,0.1555785542499016,1.2801079191927351,0.5097493751041062,1.3849175109025085,0.23003915875425726,0.9144593870624377,0.9826317903891837
CCRC-M108,Xylan / Arabinoxylan,Hemicellulose,"β-(1,4)-xylan backbone / (4-O-methyl)-glucuronoxylan",0.5705000000000001,0.6230833333333333,1.0921544572964128,0.12717690297725534,0.6576899821081292,-0.09829415526517887,0.8658496262791866,0.28460402474809543,0.19029357379899142,0.26405698064096994,0.9826317903891837
CCRC-M109,Xylan / Arabinoxylan,Hemicellulose,"β-(1,4)-xylan backbone / (4-O-methyl)-glucuronoxylan",0.6550833333333334,0.6970000000000001,1.0639770038920404,0.08946696970241391,0.6707514947104662,-0.06424677476071669,0.8756004419451278,0.20791397471018302,0.17637282043996597,0.2534711598526505,0.9826317903891837
CCRC-M119,Xylan / Arabinoxylan,Hemicellulose,"β-(1,4)-xylan backbone / (4-O-methyl)-glucuronoxylan",0.005916666666666667,0.005083333333333334,0.8614958448753463,-0.21508425675656848,0.683325728371172,-0.4921137222974849,0.681917960132308,0.0,1.0,-0.2442368409040374,0.9826317903891837
CCRC-M115,Xylan / Arabinoxylan,Hemicellulose,"β-(1,4)-xylan backbone / (4-O-methyl)-glucuronoxylan",0.021750000000000002,0.022416666666666668,1.030511060259344,0.043359989103929845,0.8668832359042857,0.05957473335837081,0.8843410172999173,0.029829354310760395,0.9401145759558673,0.09964873451815284,0.9826317903891837
CCRC-M110,Xylan / Arabinoxylan,Hemicellulose,"β-(1,4)-xylan backbone / (4-O-methyl)-glucuronoxylan",0.009333333333333334,0.010666666666666666,1.1413427561837455,0.19073211186204245,0.717396788471941,1.0712069504924198,0.14543524060320057,-0.44186776612140116,0.6081587296641767,0.2163901569602124,0.9826317903891837
CCRC-M105,Rhamnogalacturonan-I / Galactan / Arabinan,Pectin,"RG-I backbone / 1,4-β-D-galactan / 1,5-α-L-arabinan sidechains",0.028666666666666663,0.02808333333333333,0.9797219003476246,-0.02955580476897166,0.8610054154735977,0.016065812359635417,0.9512418527012123,-0.08012086590917138,0.773500696095625,-0.10384568045338673,0.9826317903891837
CCRC-M117,Xylan / Arabinoxylan,Hemicellulose,"β-(1,4)-xylan backbone / (4-O-methyl)-glucuronoxylan",0.0009166666666666666,0.0004166666666666667,0.5081967213114754,-0.976541027176011,0.5288298276135592,0.6374299206152918,0.7354993215486753,-3.841302253980942,0.42264973081037427,-0.3788676152120412,0.9826317903891837
CCRC-M113,Xylan / Arabinoxylan,Hemicellulose,"β-(1,4)-xylan backbone / (4-O-methyl)-glucuronoxylan",0.015416666666666667,0.014,0.9087003222341569,-0.1381235044388439,0.7199298465041859,-0.2175060659764221,0.7982100440020397,-0.08277767578445806,0.8207658875582677,-0.214251297044396,0.9826317903891837
CCRC-M120,Xylan / Arabinoxylan,Hemicellulose,"β-(1,4)-xylan backbone / (4-O-methyl)-glucuronoxylan",0.015916666666666666,0.018583333333333337,1.1664932362122793,0.22217794203167684,0.5193287790544976,0.37196877738695794,0.6414607117474576,0.10075262431129675,0.7692153422990347,0.3881826088715997,0.9826317903891837
CCRC-M118,Xylan / Arabinoxylan,Hemicellulose,"β-(1,4)-xylan backbone / (4-O-methyl)-glucuronoxylan",0.022500000000000003,0.025916666666666668,1.1511799410029497,0.2031133588415648,0.7578411560897567,0.5446986305074292,0.30763641414236403,0.1273257387459031,0.7521222478028841,0.183002527662303,0.9826317903891837
CCRC-M116,Xylan / Arabinoxylan,Hemicellulose,"β-(1,4)-xylan backbone / (4-O-methyl)-glucuronoxylan",0.009166666666666668,0.008499999999999999,0.9280575539568342,-0.10771381730025383,0.7679927449656211,0.4678684557859371,0.3152226017258749,-0.8321583130581764,0.22980906356699077,-0.1751759485919635,0.9826317903891837
CCRC-M114,Xylan / Arabinoxylan,Hemicellulose,"β-(1,4)-xylan backbone / (4-O-methyl)-glucuronoxylan",0.22233333333333336,0.2581666666666667,1.1610969578900046,0.21548845009023662,0.6134869940204812,-0.11119329205555492,0.8805183972843145,0.38018366714290525,0.2573273037764708,0.30174364263367315,0.9826317903891837
CCRC-M154,Xylan / Arabinoxylan,Hemicellulose,"β-(1,4)-xylan backbone / (4-O-methyl)-glucuronoxylan",0.255,0.24683333333333335,0.9679864105579512,-0.046941301063391956,0.746852940210458,0.13491114664590453,0.6283570991577612,-0.21970656365486607,0.2418845325148132,-0.19161483119863193,0.9826317903891837
CCRC-M150,Xylan / Arabinoxylan,Hemicellulose,"β-(1,4)-xylan backbone / (4-O-methyl)-glucuronoxylan",0.2705833333333333,0.289,1.0680376824087188,0.09496254895911785,0.7091842621567862,-0.1871423999853859,0.5474340028782886,0.27827368969832333,0.13599517009886783,0.22295290296617915,0.9826317903891837
CCRC-M144,Xylan / Arabinoxylan,Hemicellulose,"β-(1,4)-xylan backbone / (4-O-methyl)-glucuronoxylan",0.36650000000000005,0.3780833333333333,1.0315966539370793,0.044878998755263834,0.8487227485766349,-0.3242629763163494,0.4048810393144918,0.3090279030996995,0.13176037465894846,0.11321672813561713,0.9826317903891837
CCRC-M146,Xylan / Arabinoxylan,Hemicellulose,"β-(1,4)-xylan backbone / (4-O-methyl)-glucuronoxylan",0.41275,0.4175,1.011505389366598,0.016504006689820144,0.9241393989289921,-0.2520654499544855,0.31974335152800615,0.23444242239067792,0.28705768722174063,0.05639740403943253,0.9826317903891837
CCRC-M145,Xylan / Arabinoxylan,Hemicellulose,"β-(1,4)-xylan backbone / (4-O-methyl)-glucuronoxylan",0.4477499999999999,0.4270833333333333,0.9538535968144097,-0.06816024517468641,0.584420093363223,-0.2428419158793866,0.30150852134897876,0.08185958077217026,0.43794645693597634,-0.32630573380788047,0.9826317903891837
CCRC-M155,Xylan / Arabinoxylan,Hemicellulose,"β-(1,4)-xylan backbone / (4-O-methyl)-glucuronoxylan",0.32883333333333337,0.3419166666666667,1.0397750304012972,0.05627141525709272,0.7146109418713735,0.004079791873549204,0.9850750407157531,0.09717068598291465,0.4981991149000823,0.21759052460800887,0.9826317903891837
CCRC-M153,Xylan / Arabinoxylan,Hemicellulose,"β-(1,4)-xylan backbone / (4-O-methyl)-glucuronoxylan",0.20358333333333334,0.2465833333333333,1.2111120202929382,0.27633231147886517,0.3565667043014451,-0.08584894265475436,0.7496100090041261,0.4954796772379871,0.04641877746807526,0.5672624941300585,0.9826317903891837
CCRC-M151,Xylan / Arabinoxylan,Hemicellulose,"β-(1,4)-xylan backbone / (4-O-methyl)-glucuronoxylan",0.20083333333333334,0.24450000000000002,1.217319177173192,0.28370748765071907,0.4602522876937779,-0.32481197532589146,0.3153747376758286,0.6241811001273877,0.1231388614366414,0.44781182556985966,0.9826317903891837
CCRC-M148,Xylan / Arabinoxylan,Hemicellulose,"β-(1,4)-xylan backbone / (4-O-methyl)-glucuronoxylan",0.3016666666666667,0.32966666666666666,1.0927869214624986,0.1280121225857146,0.6401772657481075,-0.357974324969934,0.20142143187117031,0.4425126679542388,0.06156782694545068,0.2818534080200568,0.9826317903891837
CCRC-M140,Xylan / Arabinoxylan,Hemicellulose,"β-(1,4)-xylan backbone / (4-O-methyl)-glucuronoxylan",0.4349166666666666,0.4530833333333333,1.041760852074633,0.0590241287447673,0.823455815513545,-0.35579876146199635,0.283064709197187,0.33227409503520033,0.15945923751083538,0.13306934559344538,0.9826317903891837
CCRC-M139,Xylan / Arabinoxylan,Hemicellulose,"β-(1,4)-xylan backbone / (4-O-methyl)-glucuronoxylan",0.3624166666666666,0.389,1.0733299618408352,0.10209365590151857,0.7293662044723084,-0.36779202683621576,0.36979192068281386,0.4106255372247286,0.16712508244474403,0.2062526373789629,0.9826317903891837
CCRC-M138,Xylan / Arabinoxylan,Hemicellulose,"β-(1,4)-xylan backbone / (4-O-methyl)-glucuronoxylan",0.2709166666666667,0.31825,1.174651005473218,0.23223218873858092,0.40594281661606724,-0.2565434584559988,0.4588911474714898,0.5619330767973233,0.01430463885721554,0.5101680157739519,0.9826317903891837
CCRC-M160,Xylan / Arabinoxylan,Hemicellulose,"β-(1,4)-xylan backbone / (4-O-methyl)-glucuronoxylan",0.429,0.42916666666666664,1.0003884098500737,0.0005602481686221699,0.995043074587883,-0.05339361296281025,0.7368142591544092,0.04986213604343932,0.6328925330752845,0.0037059615203055376,0.9826317903891837
CCRC-M137,Xylan / Arabinoxylan,Hemicellulose,"β-(1,4)-xylan backbone / (4-O-methyl)-glucuronoxylan",0.3123333333333333,0.3358333333333334,1.0752160460898328,0.10462657358783845,0.6501160757391566,-0.3338190467954522,0.18871859132795396,0.4293957843159272,0.128913388495827,0.2717313866436234,0.9826317903891837
CCRC-M152,Xylan / Arabinoxylan,Hemicellulose,"β-(1,4)-xylan backbone / (4-O-methyl)-glucuronoxylan",0.312,0.31616666666666665,1.0133504218733311,0.019133151905637105,0.8825310954383698,-0.028676047199432623,0.8535872607468159,0.05884792480541211,0.7129483580881666,0.08759160302213437,0.9826317903891837
CCRC-M149,Xylan / Arabinoxylan,Hemicellulose,"β-(1,4)-xylan backbone / (4-O-methyl)-glucuronoxylan",0.2655,0.29283333333333333,1.1029116465863453,0.14131722235519548,0.5686923409753626,-0.19877068996245337,0.45231814482170074,0.3688312808510825,0.11093887116573342,0.3426334718675713,0.9826317903891837
CCRC-M75,Homogalacturonan (HG Pectin),Pectin,"α-(1,4)-D-galacturonic acid (partially/fully methyl-esterified or unesterified)",0.004083333333333333,0.004458333333333334,1.0896414342629486,0.12385346884178505,0.852343768099064,-0.5584016744500212,0.62797955046003,0.7481277004535064,0.4644195766123367,0.11027722598333396,0.9826317903891837
CCRC-M70,Homogalacturonan (HG Pectin),Pectin,"α-(1,4)-D-galacturonic acid (partially/fully methyl-esterified or unesterified)",0.002291666666666667,0.003375,1.4529616724738674,0.5389966467689756,0.640347898152332,0.4479257930377078,0.7959594905995147,0.7476128383657145,0.6595733440828826,0.28398769301303883,0.9826317903891837
CCRC-M74,Homogalacturonan (HG Pectin),Pectin,"α-(1,4)-D-galacturonic acid (partially/fully methyl-esterified or unesterified)",0.003833333333333334,0.0028333333333333335,0.7457627118644067,-0.4232114307245442,0.6967290530896755,-2.203091865377512,0.12765579565627172,1.8073549220576044,0.5018406260344394,-0.23176563348138138,0.9826317903891837
CCRC-M166,Homogalacturonan (HG Pectin),Pectin,"α-(1,4)-D-galacturonic acid (partially/fully methyl-esterified or unesterified)",0.0057083333333333335,0.00020833333333333335,0.05308464849354376,-4.235561480239474,0.29738013855967876,-5.909074842870394,0.3599228536218892,-0.46948528330122047,0.7291485776026401,-0.6712539358488353,0.9826317903891837
CCRC-M168,Homogalacturonan (HG Pectin),Pectin,"α-(1,4)-D-galacturonic acid (partially/fully methyl-esterified or unesterified)",0.011749999999999998,0.009583333333333334,0.8171589310829819,-0.29131139621488616,0.43107252329604195,-0.4383243518147597,0.4146446926160761,-0.05818107108852921,0.7676814723782458,-0.47669924222792137,0.9826317903891837
CCRC-M174,Homogalacturonan (HG Pectin),Pectin,"α-(1,4)-D-galacturonic acid (partially/fully methyl-esterified or unesterified)",0.0009166666666666666,0.0007500000000000001,0.8360655737704921,-0.25831199559139023,0.7769072527325771,0.34239219744707816,0.7160747293492769,-1.0901978089715783,0.6249440817840862,-0.1691517167823455,0.9826317903891837
CCRC-M175,Homogalacturonan (HG Pectin),Pectin,"α-(1,4)-D-galacturonic acid (partially/fully methyl-esterified or unesterified)",0.0055000000000000005,0.0029999999999999996,0.5535714285714284,-0.8531586116707294,0.6138137715668683,-1.9149794155856936,0.478418210275545,2.162938571126205,0.23427860782758234,-0.3072635288037462,0.9826317903891837
CCRC-M169,Homogalacturonan (HG Pectin),Pectin,"α-(1,4)-D-galacturonic acid (partially/fully methyl-esterified or unesterified)",0.01625,0.015916666666666666,0.9796126401630988,-0.029716705445488434,0.8853656642410282,-0.13111191434715877,0.6531318819305598,0.07586895430264987,0.8407601093412203,-0.08561562250936128,0.9826317903891837
CCRC-M170,Homogalacturonan (HG Pectin),Pectin,"α-(1,4)-D-galacturonic acid (partially/fully methyl-esterified or unesterified)",0.012416666666666666,0.0041666666666666675,0.3408788282290281,-1.5526690975142712,0.4298563447386711,-1.825686744829861,0.459254467415062,0.06088224214702243,0.9469572050373976,-0.48989974800805053,0.9826317903891837
LAMP,Homogalacturonan (HG Pectin),Pectin,"α-(1,4)-D-galacturonic acid (partially/fully methyl-esterified or unesterified)",0.00016666666666666666,0.0010833333333333335,4.437500000000001,2.1497471195046822,0.23184203054257202,4.39231742277876,0.22540333075851646,-0.7004397181410921,0.6855984144761554,0.7735744363061834,0.9826317903891837
BG1,Homogalacturonan (HG Pectin),Pectin,"α-(1,4)-D-galacturonic acid (partially/fully methyl-esterified or unesterified)",0.05358333333333334,0.10149999999999999,1.8925799441167337,0.9203542421105071,0.3347028496761598,1.5556275797995072,0.4406618866062529,0.4380726859937173,0.7360744898155865,0.604268023089448,0.9826317903891837
CCRC-M131,Homogalacturonan (HG Pectin),Pectin,"α-(1,4)-D-galacturonic acid (partially/fully methyl-esterified or unesterified)",0.3538333333333334,0.3383333333333333,0.9562064418911281,-0.06460596984065986,0.7919899343497592,-0.33695571265678737,0.45559811074831313,0.12611858201108989,0.43176097418814546,-0.15652799706238388,0.9826317903891837
CCRC-M38,Homogalacturonan (HG Pectin),Pectin,"α-(1,4)-D-galacturonic acid (partially/fully methyl-esterified or unesterified)",0.30775,0.29624999999999996,0.962644144875751,-0.05492551104747604,0.7227312613550236,-0.236834701837653,0.404823235128337,0.09331489122587258,0.2909513616292318,-0.21112204220346584,0.9826317903891837
JIM5,Homogalacturonan (HG Pectin),Pectin,"α-(1,4)-D-galacturonic acid (partially/fully methyl-esterified or unesterified)",0.13116666666666668,0.12466666666666666,0.9504824784154393,-0.07326806300159192,0.8584638195116547,-0.7537997161983587,0.3942012833849651,0.3170361219726167,0.2912772301961316,-0.10581188858388758,0.9826317903891837
JIM136,Homogalacturonan (HG Pectin),Pectin,"α-(1,4)-D-galacturonic acid (partially/fully methyl-esterified or unesterified)",0.0030833333333333333,0.0029999999999999996,0.9738219895287957,-0.03827001692771742,0.908255301681796,-0.34348423825380964,0.5152751089940268,0.3493342522280144,0.4556689460481824,-0.06871270127375438,0.9826317903891837
JIM7,Homogalacturonan (HG Pectin),Pectin,"α-(1,4)-D-galacturonic acid (partially/fully methyl-esterified or unesterified)",0.0034999999999999996,0.003833333333333333,1.0925925925925926,0.12775554719837268,0.8360210376236417,-0.06529146025171927,0.9376498472362608,0.31349947281678175,0.7872250654893901,0.12267399461214606,0.9826317903891837
CCRC-M69,Homogalacturonan (HG Pectin),Pectin,"α-(1,4)-D-galacturonic acid (partially/fully methyl-esterified or unesterified)",0.07383333333333335,0.08349999999999998,1.130748422001803,0.17727798264032835,0.6658236725907143,-0.30850023135089444,0.6175483728159434,0.4385409123558228,0.2674556532347989,0.25766938856544946,0.9826317903891837
CCRC-M35,Rhamnogalacturonan-I / Galactan / Arabinan,Pectin,"RG-I backbone / 1,4-β-D-galactan / 1,5-α-L-arabinan sidechains",0.11783333333333335,0.11741666666666667,0.9964669304691915,-0.005106167434420238,0.9852202954719543,-0.32158766265841277,0.3984066445632026,0.20975342491433108,0.49956025921874286,-0.010974781227297548,0.9826317903891837
CCRC-M36,Rhamnogalacturonan-I / Galactan / Arabinan,Pectin,"RG-I backbone / 1,4-β-D-galactan / 1,5-α-L-arabinan sidechains",0.11408333333333333,0.11666666666666665,1.0226244343891402,0.03227640302375603,0.9255757509472311,-0.46422413840576865,0.42761376168570686,0.33568903446946474,0.2856473334319149,0.055465793141826154,0.9826317903891837
CCRC-M14,Homogalacturonan (HG Pectin),Pectin,"α-(1,4)-D-galacturonic acid (partially/fully methyl-esterified or unesterified)",0.019416666666666665,0.013416666666666665,0.6925704526046114,-0.5299672562839423,0.6572042644558633,-0.6819336048145718,0.6838439225703237,-0.2237749753865671,0.9177173698720669,-0.2640862294288497,0.9927325511521277
CCRC-M129,Rhamnogalacturonan-I / Galactan / Arabinan,Pectin,"RG-I backbone / 1,4-β-D-galactan / 1,5-α-L-arabinan sidechains",0.12308333333333332,0.129,1.0480313895278042,0.06768192759856954,0.8454294030437929,-0.4836394698808522,0.43876405008201,0.41115795053794757,0.13868398574725163,0.11591126902492958,0.9927325511521277
CCRC-M72,Rhamnogalacturonan-I / Galactan / Arabinan,Pectin,"RG-I backbone / 1,4-β-D-galactan / 1,5-α-L-arabinan sidechains",0.06133333333333333,0.06524999999999999,1.063754747693977,0.089165570885876,0.851941483132712,-0.612581687575784,0.43986554584251963,0.428522265565489,0.34840963483935333,0.11071052111581398,0.9927325511521277
JIM3,Homogalacturonan (HG Pectin),Pectin,"α-(1,4)-D-galacturonic acid (partially/fully methyl-esterified or unesterified)",0.01425,0.01991666666666667,1.3948896631823462,0.4801510083087902,0.4580414546053715,0.9377157217456573,0.3865597589039124,0.2913270528193537,0.6994532433059709,0.44568561621982994,0.9927325511521277
CCRC-M40,Rhamnogalacturonan-I / Galactan / Arabinan,Pectin,"RG-I backbone / 1,4-β-D-galactan / 1,5-α-L-arabinan sidechains",0.12191666666666667,0.11725000000000001,0.9617538587624641,-0.056260381952367995,0.8169130778191611,-0.45763096382440693,0.2175962466234961,0.21986525617806618,0.317522867920504,-0.13837211465559357,0.9927325511521277
CCRC-M161,Rhamnogalacturonan-I / Galactan / Arabinan,Pectin,"RG-I backbone / 1,4-β-D-galactan / 1,5-α-L-arabinan sidechains",0.015166666666666667,0.0195,1.2838427947598252,0.36046855673942035,0.5603172807301461,-0.5566521046977788,0.22741273509606816,0.6966600590735778,0.253726590239525,0.35063493363551396,0.9927325511521277
CCRC-M164,Rhamnogalacturonan-I / Galactan / Arabinan,Pectin,"RG-I backbone / 1,4-β-D-galactan / 1,5-α-L-arabinan sidechains",0.002,0.0032500000000000007,1.5952380952380956,0.6737717676790125,0.4796208630812048,1.4573483041368085,0.29374815081858274,-1.1699250014423122,0.3168349228067301,0.43685202833051917,0.9927325511521277
CCRC-M98,Rhamnogalacturonan-I / Galactan / Arabinan,Pectin,"RG-I backbone / 1,4-β-D-galactan / 1,5-α-L-arabinan sidechains",0.004750000000000001,0.007333333333333334,1.5326460481099655,0.6160245570120207,0.3221256253339391,0.6581289132831274,0.5376735287835696,0.5519851782748837,0.43933730033087737,0.6207204538323104,0.9927325511521277
CCRC-M94,Rhamnogalacturonan-I / Galactan / Arabinan,Pectin,"RG-I backbone / 1,4-β-D-galactan / 1,5-α-L-arabinan sidechains",0.011716666666666667,0.012249999999999999,1.0451339915373765,0.06368791506631762,0.8680211635072428,-0.29210139314785233,0.7186166968234253,0.373907623318989,0.38251462169344586,0.09854881321598011,0.9927325511521277
CCRC-M5,Rhamnogalacturonan-I / Galactan / Arabinan,Pectin,"RG-I backbone / 1,4-β-D-galactan / 1,5-α-L-arabinan sidechains",0.057166666666666664,0.07916666666666666,1.3841676367869615,0.4690186786071922,0.33221734640731104,0.016704490453517573,0.9748403742917249,0.6848563408679741,0.1444440363655165,0.5948517385197086,0.9927325511521277
CCRC-M2,Rhamnogalacturonan-I / Galactan / Arabinan,Pectin,"RG-I backbone / 1,4-β-D-galactan / 1,5-α-L-arabinan sidechains",0.19691666666666666,0.23458333333333337,1.1911851789188734,0.2523977087025096,0.39643845769199515,-0.04418562104086626,0.9081965177887097,0.43501786089074435,0.10714391315817455,0.5147279947880152,0.9927325511521277
JIM137,Rhamnogalacturonan-I / Galactan / Arabinan,Pectin,"RG-I backbone / 1,4-β-D-galactan / 1,5-α-L-arabinan sidechains",0.008041666666666666,0.010791666666666666,1.3377686796315251,0.419828673827048,0.38461887047891197,0.45690721722175026,0.32956193378613347,0.3917049954482201,0.657155864231507,0.5252606601638428,0.9927325511521277
JIM101,Rhamnogalacturonan-I / Galactan / Arabinan,Pectin,"RG-I backbone / 1,4-β-D-galactan / 1,5-α-L-arabinan sidechains",0.10216666666666667,0.0845,0.8272490221642764,-0.2736064136618275,0.3628593038808452,-0.2431218814156858,0.5920969235117279,-0.3112112882453351,0.5215789979881612,-0.550624462131748,0.9927325511521277
CCRC-M61,Rhamnogalacturonan-I / Galactan / Arabinan,Pectin,"RG-I backbone / 1,4-β-D-galactan / 1,5-α-L-arabinan sidechains",0.06674999999999999,0.05475,0.8204936424831714,-0.2854359396901598,0.4289378140440705,-0.058668250340571555,0.9050243716880098,-0.5953707666012896,0.3616735472900822,-0.4761023922010768,0.9927325511521277
CCRC-M30,Rhamnogalacturonan-I / Galactan / Arabinan,Pectin,"RG-I backbone / 1,4-β-D-galactan / 1,5-α-L-arabinan sidechains",0.018666666666666668,0.011458333333333334,0.6158969804618117,-0.6992390397566268,0.46838579976330763,-0.4795635292520245,0.7694192484877588,-1.08668405848331,0.2504034915750287,-0.4376623093208071,0.9927325511521277
CCRC-M23,Rhamnogalacturonan-I / Galactan / Arabinan,Pectin,"RG-I backbone / 1,4-β-D-galactan / 1,5-α-L-arabinan sidechains",0.1955,0.20775,1.0626278118609407,0.0876363776721387,0.8079743837715792,-0.32916250826554316,0.6134591267020054,0.3418717148635939,0.28904272422399846,0.1443201619689699,0.9927325511521277
CCRC-M17,Rhamnogalacturonan-I / Galactan / Arabinan,Pectin,"RG-I backbone / 1,4-β-D-galactan / 1,5-α-L-arabinan sidechains",0.008216666666666666,0.015583333333333336,1.8857715430861732,0.9151549073912769,0.4067853422588036,-0.24327115101236405,0.8991234612793976,1.1381882390171254,0.3065502229421778,0.5093173243575884,0.9927325511521277
CCRC-M19,Rhamnogalacturonan-I / Galactan / Arabinan,Pectin,"RG-I backbone / 1,4-β-D-galactan / 1,5-α-L-arabinan sidechains",0.0016666666666666668,0.0007500000000000001,0.4811320754716982,-1.0554951125917034,0.5804732201738586,2.7884958948062883,0.45126642653591764,-2.9506119730378364,0.4182712681697543,-0.3359346362551077,0.9927325511521277
CCRC-M18,Rhamnogalacturonan-I / Galactan / Arabinan,Pectin,"RG-I backbone / 1,4-β-D-galactan / 1,5-α-L-arabinan sidechains",0.025500000000000005,0.041666666666666664,1.6315104166666663,0.706208198600704,0.3189256135399313,-0.13053156314222536,0.891510974384515,1.0459448650229308,0.17077206285102825,0.6207245244864544,0.9927325511521277
CCRC-M56,Rhamnogalacturonan-I / Galactan / Arabinan,Pectin,"RG-I backbone / 1,4-β-D-galactan / 1,5-α-L-arabinan sidechains",0.20958333333333332,0.2540833333333333,1.2122247834035451,0.27765724322730434,0.5284475950696643,-0.26485335267869775,0.7427668080891543,0.6274871173677133,0.2401492531494801,0.3773003514568066,0.9927325511521277
CCRC-M16,Rhamnogalacturonan-I / Galactan / Arabinan,Pectin,"RG-I backbone / 1,4-β-D-galactan / 1,5-α-L-arabinan sidechains",0.12925,0.16725,1.2937765751836103,0.3715884970017886,0.5681991385282015,-0.3497559438033681,0.7447360297091659,0.6294550237660714,0.30358429687002825,0.3414025689347884,0.9927325511521277
CCRC-M60,Rhamnogalacturonan-I / Galactan / Arabinan,Pectin,"RG-I backbone / 1,4-β-D-galactan / 1,5-α-L-arabinan sidechains",0.22258333333333336,0.24491666666666667,1.1002918943192874,0.1378863043168745,0.6527602041908955,-0.2102225322556641,0.6493080911332596,0.3614793401588355,0.23326361341212956,0.26802224676976094,0.9927325511521277
CCRC-M41,Rhamnogalacturonan-I / Galactan / Arabinan,Pectin,"RG-I backbone / 1,4-β-D-galactan / 1,5-α-L-arabinan sidechains",0.07025,0.06666666666666667,0.9490642027955459,-0.07542240814498144,0.6872702787773624,-0.25967471354034016,0.44996329916705124,0.06892168275883674,0.6558455847667221,-0.23930359797916398,0.9927325511521277
CCRC-M80,Rhamnogalacturonan-I / Galactan / Arabinan,Pectin,"RG-I backbone / 1,4-β-D-galactan / 1,5-α-L-arabinan sidechains",0.38899999999999996,0.3921666666666667,1.0081384391330424,0.011693765560818699,0.9478994681968702,-0.12433217315407663,0.683784686983328,0.1178656114597776,0.4447666487865404,0.03872868020137317,0.9927325511521277
CCRC-M79,Rhamnogalacturonan-I / Galactan / Arabinan,Pectin,"RG-I backbone / 1,4-β-D-galactan / 1,5-α-L-arabinan sidechains",0.3658333333333334,0.37024999999999997,1.01206959373292,0.017308498610535947,0.9240877553872596,-0.14572987965978038,0.6409457849267364,0.14406406065148836,0.3286359553795614,0.056484282291876506,0.9946777922571197
CCRC-M44,Rhamnogalacturonan-I / Galactan / Arabinan,Pectin,"RG-I backbone / 1,4-β-D-galactan / 1,5-α-L-arabinan sidechains",0.13183333333333336,0.13858333333333334,1.0511622031328953,0.07198530640731401,0.837908227461315,-0.4338965265301594,0.4398990095529689,0.3604089504000034,0.1774719245251222,0.12186807645295135,0.9947270819699082
CCRC-M33,Rhamnogalacturonan-I / Galactan / Arabinan,Pectin,"RG-I backbone / 1,4-β-D-galactan / 1,5-α-L-arabinan sidechains",0.14024999999999999,0.14300000000000002,1.019593872461703,0.02799460821414359,0.9231269132656331,-0.3285043261427823,0.46033577135689546,0.25473849841518575,0.3175751886000698,0.057251456917299395,0.9947270819699082
CCRC-M32,Rhamnogalacturonan-I / Galactan / Arabinan,Pectin,"RG-I backbone / 1,4-β-D-galactan / 1,5-α-L-arabinan sidechains",0.10325000000000001,0.10775000000000001,1.0435413642960814,0.06148778773500657,0.8234962623844558,-0.25436138595007896,0.581999705140847,0.2718637840511198,0.2050627476226869,0.13257820584591307,0.9947270819699082
CCRC-M13,Rhamnogalacturonan-I / Galactan / Arabinan,Pectin,"RG-I backbone / 1,4-β-D-galactan / 1,5-α-L-arabinan sidechains",0.32308333333333333,0.35108333333333336,1.0866381310917437,0.11987157845332076,0.6532603325844436,-0.05315482671637863,0.9233778062318803,0.24701033157187782,0.20687060615035813,0.26759678124444547,0.9947270819699082
CCRC-M42,Rhamnogalacturonan-I / Galactan / Arabinan,Pectin,"RG-I backbone / 1,4-β-D-galactan / 1,5-α-L-arabinan sidechains",0.13091666666666665,0.13808333333333334,1.0547004197939194,0.07683326978180856,0.7877477069876808,-0.3109446029242547,0.4650968179729937,0.33070153689827886,0.2178932867560182,0.1601598064349078,0.9947270819699082
CCRC-M24,Rhamnogalacturonan-I / Galactan / Arabinan,Pectin,"RG-I backbone / 1,4-β-D-galactan / 1,5-α-L-arabinan sidechains",0.16858333333333334,0.17816666666666667,1.0568125679280704,0.07971952875612856,0.7784639217448104,-0.30143244042350426,0.3977137150353353,0.32639345478772464,0.27966418829253986,0.16719203472136013,0.9947270819699082
CCRC-M12,Rhamnogalacturonan-I / Galactan / Arabinan,Pectin,"RG-I backbone / 1,4-β-D-galactan / 1,5-α-L-arabinan sidechains",0.3093333333333333,0.3160833333333333,1.0218140687277821,0.03113270456533498,0.8920455767343047,-0.23308893139586986,0.6231326877111762,0.24995728609248852,0.20130461793230559,0.08039216159719394,0.9947270819699082
CCRC-M7,Rhamnogalacturonan-I / Galactan / Arabinan,Pectin,"RG-I backbone / 1,4-β-D-galactan / 1,5-α-L-arabinan sidechains",0.18925000000000003,0.19800000000000004,1.046210720887246,0.06517345900506726,0.8319152185509746,-0.378539140110479,0.4957770131207584,0.36018379020505126,0.18341466052564137,0.12603258514802232,0.9958304110736932
CCRC-M77,Rhamnogalacturonan-I / Galactan / Arabinan,Pectin,"RG-I backbone / 1,4-β-D-galactan / 1,5-α-L-arabinan sidechains",0.13583333333333333,0.14608333333333332,1.0754046101029915,0.10487956136286788,0.7646814584722823,-0.4649833643198343,0.36096250915567907,0.4885506014002303,0.2480908965273847,0.17808981940047847,0.9958304110736932
CCRC-M25,Rhamnogalacturonan-I / Galactan / Arabinan,Pectin,"RG-I backbone / 1,4-β-D-galactan / 1,5-α-L-arabinan sidechains",0.18725000000000003,0.19225000000000003,1.026688017080331,0.03799785196750144,0.8717061862580215,-0.16216708916679567,0.6428909072822939,0.17745867412771996,0.4043497119301079,0.0957646194384204,0.9958304110736932
CCRC-M9,Rhamnogalacturonan-I / Galactan / Arabinan,Pectin,"RG-I backbone / 1,4-β-D-galactan / 1,5-α-L-arabinan sidechains",0.21175,0.23633333333333337,1.116041224136575,0.1583903181697623,0.6129547494236944,-0.15660944206728605,0.697236467188665,0.34765915631145383,0.2205355508068109,0.30200858410373893,0.9958304110736932
CCRC-M128,Rhamnogalacturonan-I / Galactan / Arabinan,Pectin,"RG-I backbone / 1,4-β-D-galactan / 1,5-α-L-arabinan sidechains",0.19333333333333336,0.213,1.1016715491986901,0.13969416495050488,0.6525283051480552,-0.27952640158239694,0.5939391759451821,0.403110861185447,0.08486536077010286,0.26864290314923167,0.9958304110736932
CCRC-M126,Rhamnogalacturonan-I / Galactan / Arabinan,Pectin,"RG-I backbone / 1,4-β-D-galactan / 1,5-α-L-arabinan sidechains",0.18358333333333335,0.20383333333333334,1.1102440794846202,0.1508768779738371,0.6338530983015878,-0.21602974801295557,0.5892226756216417,0.3689348470704113,0.17576475020766757,0.2849978064896584,0.9958304110736932
CCRC-M134,Rhamnogalacturonan-I / Galactan / Arabinan,Pectin,"RG-I backbone / 1,4-β-D-galactan / 1,5-α-L-arabinan sidechains",0.26908333333333334,0.2855,1.0609869357934492,0.08540689208487222,0.7750013738722552,-0.3058334834899079,0.5178377311452843,0.33753846492357903,0.21111936587852015,0.1699269371412313,0.9958304110736932
CCRC-M125,Rhamnogalacturonan-I / Galactan / Arabinan,Pectin,"RG-I backbone / 1,4-β-D-galactan / 1,5-α-L-arabinan sidechains",0.18299999999999997,0.19733333333333333,1.0782814491170583,0.10873379427650554,0.6731036675898588,-0.16440742621081395,0.6562182868187572,0.2917199276195396,0.1827607454969219,0.2518660681978204,0.9958304110736932
CCRC-M123,Rhamnogalacturonan-I / Galactan / Arabinan,Pectin,"RG-I backbone / 1,4-β-D-galactan / 1,5-α-L-arabinan sidechains",0.33874999999999994,0.3520833333333333,1.039348777728592,0.0556798654674278,0.7910789719924504,-0.10821596422367312,0.7585186716236488,0.1768083876896232,0.27964958459850603,0.15742417264088787,0.9958304110736932
CCRC-M122,Rhamnogalacturonan-I / Galactan / Arabinan,Pectin,"RG-I backbone / 1,4-β-D-galactan / 1,5-α-L-arabinan sidechains",0.39266666666666666,0.40758333333333335,1.0379784435203259,0.053776482473004504,0.7503238300774611,-0.08413226253168245,0.7658496464489118,0.16514635520373888,0.2941422467077968,0.18932578968119587,0.9958304110736932
CCRC-M121,Rhamnogalacturonan-I / Galactan / Arabinan,Pectin,"RG-I backbone / 1,4-β-D-galactan / 1,5-α-L-arabinan sidechains",0.3688333333333333,0.4096666666666667,1.1106794362125048,0.15144248682613873,0.4216226181424644,0.08471993695916724,0.7673038087987314,0.20422163712885366,0.3500110402232663,0.4855586116445755,0.9958304110736932
CCRC-M112,Rhamnogalacturonan-I / Galactan / Arabinan,Pectin,"RG-I backbone / 1,4-β-D-galactan / 1,5-α-L-arabinan sidechains",0.13516666666666666,0.13925,1.0301872843765403,0.04290663806830647,0.8356471383049359,-0.049355840831206574,0.8840745349462178,0.11137198485877026,0.5495320684497801,0.12306004388623386,0.9958304110736932
CCRC-M21,Rhamnogalacturonan-I / Galactan / Arabinan,Pectin,"RG-I backbone / 1,4-β-D-galactan / 1,5-α-L-arabinan sidechains",0.19383333333333333,0.2155,1.1117222413200412,0.15279638237335513,0.6061600565253312,-0.06368540448145078,0.8982838404113365,0.29035839288962506,0.1946017704205039,0.30758915268887177,0.9958304110736932
JIM131,Rhamnogalacturonan-I / Galactan / Arabinan,Pectin,"RG-I backbone / 1,4-β-D-galactan / 1,5-α-L-arabinan sidechains",0.11041666666666668,0.12533333333333332,1.134972100738953,0.18265683441464306,0.6243746951305631,-0.28476562043639103,0.6110207877926896,0.46420829369817657,0.21403118531114404,0.29369411890555636,0.9958304110736932
CCRC-M22,Rhamnogalacturonan-I / Galactan / Arabinan,Pectin,"RG-I backbone / 1,4-β-D-galactan / 1,5-α-L-arabinan sidechains",0.3673333333333333,0.3678333333333333,1.0013607910732105,0.001961871986599663,0.9887496114214717,-0.05335755712161683,0.851685171582088,0.049020402296667494,0.4066520634726738,0.008351603116021749,0.9958304110736932
JIM132,Rhamnogalacturonan-I / Galactan / Arabinan,Pectin,"RG-I backbone / 1,4-β-D-galactan / 1,5-α-L-arabinan sidechains",0.021916666666666664,0.026416666666666668,1.2043906131718398,0.2683033690842205,0.5558553909851224,-0.2753413012854069,0.6303292534870646,0.5343792039559037,0.20486649163804257,0.3546038001910885,0.9958304110736932
JIM1,Arabinogalactan Proteins (AGPs),Glycoprotein,"β-(1,6)-galactan / β-(1,3)-galactan / Arabinogalactan protein epitopes",0.02,0.022749999999999996,1.1368159203980097,0.1849986638791408,0.6808957974706547,0.04858018044506187,0.9533242202328571,0.25738784269265175,0.5459483178507185,0.24495302312207873,0.9958304110736932
CCRC-M15,Rhamnogalacturonan-I / Galactan / Arabinan,Pectin,"RG-I backbone / 1,4-β-D-galactan / 1,5-α-L-arabinan sidechains",0.057499999999999996,0.05666666666666667,0.9855324074074076,-0.021024782484925893,0.9444327124376315,-0.5421049615919821,0.37237691392343253,0.35327806632187525,0.25339212258822125,-0.04126457670729553,0.9958304110736932
CCRC-M8,Rhamnogalacturonan-I / Galactan / Arabinan,Pectin,"RG-I backbone / 1,4-β-D-galactan / 1,5-α-L-arabinan sidechains",0.153,0.1699166666666667,1.1104942303505336,0.15120189728264571,0.6585227199098393,-0.049938027586357334,0.9283679875167081,0.2873433917261967,0.49228799832242587,0.26298218354430447,0.9982467174135737
JIM16,Arabinogalactan Proteins (AGPs),Glycoprotein,"β-(1,6)-galactan / β-(1,3)-galactan / Arabinogalactan protein epitopes",0.049999999999999996,0.07183333333333335,1.4357950765136398,0.5218498555716528,0.26163732211452234,0.1291286271924633,0.8199911979458052,0.6998669700924053,0.04056770928717807,0.6967533150743702,0.9982467174135737
JIM93,Arabinogalactan Proteins (AGPs),Glycoprotein,"β-(1,6)-galactan / β-(1,3)-galactan / Arabinogalactan protein epitopes",0.0315,0.06,1.9018987341772151,0.9274404325340825,0.21965464245579186,0.6486362457261076,0.35049643973224387,1.006007066447873,0.165978543643944,0.7796815402904765,0.9982467174135737
JIM94,Arabinogalactan Proteins (AGPs),Glycoprotein,"β-(1,6)-galactan / β-(1,3)-galactan / Arabinogalactan protein epitopes",0.0325,0.05733333333333334,1.7617586912065442,0.8170163312727146,0.2210371842739855,0.926525405694901,0.28767724871485273,0.784301865777692,0.18182225999670426,0.766781146106223,0.9982467174135737
JIM11,Extensins / HRGPs,Glycoprotein,O-glycosylated hydroxyproline arabinosides,0.19599999999999998,0.2773333333333334,1.4147543770185282,0.5005516008899551,0.16559979144106782,0.37866653798167965,0.4445997054220484,0.5662966441256674,0.012309375392243532,0.8738408147887309,0.9982467174135737
MAC204,Arabinogalactan Proteins (AGPs),Glycoprotein,"β-(1,6)-galactan / β-(1,3)-galactan / Arabinogalactan protein epitopes",0.07533333333333335,0.12325000000000001,1.6352187361908967,0.7094836317543866,0.2210624718374842,0.8938829676340763,0.12818839370819654,0.6545846416543588,0.07809138891819858,0.757267434993739,0.9982467174135737
JIM20,Arabinogalactan Proteins (AGPs),Glycoprotein,"β-(1,6)-galactan / β-(1,3)-galactan / Arabinogalactan protein epitopes",0.1655,0.2255,1.3623188405797102,0.44606439489946836,0.21617492722439466,0.1770355536043665,0.6817650314381147,0.594598933755811,0.041044279979320246,0.7696008586287649,0.9982467174135737
JIM14,Arabinogalactan Proteins (AGPs),Glycoprotein,"β-(1,6)-galactan / β-(1,3)-galactan / Arabinogalactan protein epitopes",0.13575,0.17608333333333337,1.2968960863697707,0.37506288846791674,0.4096112284701787,-0.2579225236224764,0.6844488935457722,0.6827177949647462,0.10016697110257174,0.5006082430105188,0.9982467174135737
JIM19,Arabinogalactan Proteins (AGPs),Glycoprotein,"β-(1,6)-galactan / β-(1,3)-galactan / Arabinogalactan protein epitopes",0.33991666666666664,0.42533333333333334,1.2512131758247147,0.32332761005081384,0.3148538603932502,0.06806427494515407,0.813417434013799,0.46893255522548133,0.08086448315786905,0.6161697056782738,0.9982467174135737
JIM12,Extensins / HRGPs,Glycoprotein,O-glycosylated hydroxyproline arabinosides,0.12325000000000001,0.2001666666666667,1.6235643831914606,0.6991645964929925,0.1501674738754047,0.2654386755075387,0.48135597318375745,0.8994889363607761,0.023303386567012672,0.9361290680594919,0.9982467174135737
CCRC-M133,Arabinogalactan Proteins (AGPs),Glycoprotein,"β-(1,6)-galactan / β-(1,3)-galactan / Arabinogalactan protein epitopes",0.10775,0.14375000000000002,1.333796940194715,0.4155390445788331,0.018552574267977597,0.39979136474600135,0.24149879812893935,0.4304373820884775,0.07915298379701848,1.7130722323510459,0.9982467174135737
CCRC-M107,Arabinogalactan Proteins (AGPs),Glycoprotein,"β-(1,6)-galactan / β-(1,3)-galactan / Arabinogalactan protein epitopes",0.1355833333333333,0.17941666666666667,1.3230561356098762,0.40387427465353776,0.03229632218566818,0.4500014325103843,0.2528903990990316,0.36026638931511945,0.08427363467204693,1.434584105844526,0.9982467174135737
JIM4,Arabinogalactan Proteins (AGPs),Glycoprotein,"β-(1,6)-galactan / β-(1,3)-galactan / Arabinogalactan protein epitopes",0.0027500000000000003,0.003416666666666667,1.2339181286549707,0.3032466738212873,0.6416358540123729,-0.45169596985769195,0.7373708233181371,0.8744691179161413,0.3087725233429453,0.27781797425838434,0.9982467174135737
CCRC-M31,Rhamnogalacturonan-I / Galactan / Arabinan,Pectin,"RG-I backbone / 1,4-β-D-galactan / 1,5-α-L-arabinan sidechains",0.0027500000000000003,0.0025833333333333333,0.9415204678362572,-0.08693563677128104,0.9016421963735505,0.10852445677816905,0.8271307588824968,-0.9027027986450848,0.5362952578358107,-0.07338276103869978,0.9982467174135737
JIM17,Arabinogalactan Proteins (AGPs),Glycoprotein,"β-(1,6)-galactan / β-(1,3)-galactan / Arabinogalactan protein epitopes",0.07337500000000001,0.10208333333333335,1.3907224679596235,0.4758345449362788,0.2793789894908991,0.6067152992494442,0.4639736438865219,0.4170121234504879,0.07648788035714559,0.6603600446425019,0.9999999999999997
CCRC-M26,Rhamnogalacturonan-I / Galactan / Arabinan,Pectin,"RG-I backbone / 1,4-β-D-galactan / 1,5-α-L-arabinan sidechains",0.005125,0.00875,1.69377990430622,0.7602464180021147,0.3249544460288571,-0.7593868888740016,0.11617060431260846,1.3727266944208796,0.1152955831031858,0.6122177628745112,0.9999999999999997
JIM15,Arabinogalactan Proteins (AGPs),Glycoprotein,"β-(1,6)-galactan / β-(1,3)-galactan / Arabinogalactan protein epitopes",0.007958333333333333,0.009416666666666669,1.1809720785935887,0.2399748558860019,0.6365407341894038,-0.31743604650196144,0.791578644902906,0.637429920615292,0.10565233042013628,0.2814337861952746,0.9999999999999997
JIM8,Arabinogalactan Proteins (AGPs),Glycoprotein,"β-(1,6)-galactan / β-(1,3)-galactan / Arabinogalactan protein epitopes",0.010750000000000001,0.01275,1.184331797235023,0.24407331674939864,0.5305986744930062,-0.15292464891610974,0.822146574929914,0.5960298046239931,0.3084852385477858,0.3751282395797027,0.9999999999999997
CCRC-M85,Rhamnogalacturonan-I / Galactan / Arabinan,Pectin,"RG-I backbone / 1,4-β-D-galactan / 1,5-α-L-arabinan sidechains",0.012916666666666665,0.016833333333333336,1.3008962868117802,0.37950594863018694,0.3473221542456956,0.32733289932816667,0.6883064532315886,0.425606740989031,0.40704627476038135,0.5737256128375384,0.9999999999999997
CCRC-M81,Rhamnogalacturonan-I / Galactan / Arabinan,Pectin,"RG-I backbone / 1,4-β-D-galactan / 1,5-α-L-arabinan sidechains",0.011750000000000002,0.012833333333333334,1.091420534458509,0.1262070925677123,0.6961942099860161,-0.15913581575214472,0.763690515178955,0.40067121010864093,0.46162042253162405,0.23379631186321864,0.9999999999999997
MAC266,Arabinogalactan Proteins (AGPs),Glycoprotein,"β-(1,6)-galactan / β-(1,3)-galactan / Arabinogalactan protein epitopes",0.0037166666666666667,0.0026666666666666666,0.7248908296943231,-0.4641643567500194,0.5420704689883359,-0.9180066278026926,0.29271480177510256,0.3804237441975068,0.8130743279954242,-0.36753598966106776,0.9999999999999997
PN16.4B4,Arabinogalactan Proteins (AGPs),Glycoprotein,"β-(1,6)-galactan / β-(1,3)-galactan / Arabinogalactan protein epitopes",0.005,0.0055000000000000005,1.0980392156862746,0.13492958008610864,0.7414188644800273,-0.7608123361205742,0.2562088765434929,0.8903755088255016,0.1099538153562098,0.19687480773953964,0.9999999999999997
MAC207,Arabinogalactan Proteins (AGPs),Glycoprotein,"β-(1,6)-galactan / β-(1,3)-galactan / Arabinogalactan protein epitopes",0.27599999999999997,0.30583333333333335,1.1080526379331161,0.14802641810304717,0.548721275657625,0.024559830721328533,0.9115488019713363,0.22618860519494793,0.2299374722367376,0.3590280046132051,0.9999999999999997
JIM133,Arabinogalactan Proteins (AGPs),Glycoprotein,"β-(1,6)-galactan / β-(1,3)-galactan / Arabinogalactan protein epitopes",0.11041666666666666,0.12333333333333334,1.116875282762781,0.15946809451839233,0.4569224521420626,0.21417971391594282,0.3412744162445414,0.12020574472496959,0.6334230265851069,0.4468514252749713,0.9999999999999997
JIM13,Arabinogalactan Proteins (AGPs),Glycoprotein,"β-(1,6)-galactan / β-(1,3)-galactan / Arabinogalactan protein epitopes",0.06308333333333332,0.07158333333333333,1.134529147982063,0.18209367477400562,0.6671853927339644,-0.44247279147746127,0.5342203800313713,0.5206300315667405,0.18014467914590593,0.2562856136717776,0.9999999999999997
CCRC-M92,Rhamnogalacturonan-I / Galactan / Arabinan,Pectin,"RG-I backbone / 1,4-β-D-galactan / 1,5-α-L-arabinan sidechains",0.12616666666666668,0.17141666666666663,1.358368532206969,0.44187494310047026,0.21895837605916088,0.2432072060157489,0.1684314490974656,0.5424251797874192,0.03423947500056337,0.767489057831152,0.9999999999999997
CCRC-M91,Rhamnogalacturonan-I / Galactan / Arabinan,Pectin,"RG-I backbone / 1,4-β-D-galactan / 1,5-α-L-arabinan sidechains",0.08124999999999999,0.12241666666666667,1.506043843474698,0.5907637699054693,0.22827170367972446,0.25642534012783713,0.4556569457710457,0.7255110626243637,0.02504135563189173,0.7546332348991762,0.9999999999999997
CCRC-M78,Rhamnogalacturonan-I / Galactan / Arabinan,Pectin,"RG-I backbone / 1,4-β-D-galactan / 1,5-α-L-arabinan sidechains",0.17700000000000002,0.2225,1.2569169960474307,0.3298893805900451,0.26829754380301524,0.32320391964838285,0.28476533496247886,0.3336634151871257,0.14139133645494303,0.6778410263267096,0.9999999999999997
MAC265,Arabinogalactan Proteins (AGPs),Glycoprotein,"β-(1,6)-galactan / β-(1,3)-galactan / Arabinogalactan protein epitopes",0.002708333333333333,0.0027083333333333334,1.0000000000000002,3.203426503814917e-16,0.9999999999999996,0.24874374828340023,0.5565598699737246,-0.3804237441975065,0.6413176197682213,3.3282204044367927e-16,0.9999999999999997
CCRC-M97,Rhamnogalacturonan-I / Galactan / Arabinan,Pectin,"RG-I backbone / 1,4-β-D-galactan / 1,5-α-L-arabinan sidechains",0.012333333333333335,0.014499999999999999,1.17426273458445,0.23175523934593523,0.531318633985957,-0.3144140412300559,0.6534649389418943,0.645921381508931,0.12312569461229513,0.3744361393247014,1.0
